#,"Country,Other",TotalCases,NewCases,TotalDeaths,NewDeaths,TotalRecovered,NewRecovered,ActiveCases,"Serious,Critical",Tot Cases/1M pop,Deaths/1M pop,TotalTests,Tests/,1M pop,,Population,Continent,1 Caseevery X ppl1 Deathevery X ppl1 Testevery X ppl,New Cases/1M pop,New Deaths/1M pop,Active Cases/1M pop
1,USA,"81,565,957",,"1,002,259 ",,"63,824,394",,"16,739,304","2,663","243,956","2,998","976,855,043","2,921,675","334,347,663 ",North America,43340,,,"50,066"
2,India,"43,016,372",,"516,785 ",,"42,478,087",,"21,500","8,944","30,652",368,"785,644,225","559,821","1,403,383,978 ",Asia,"332,7162",,,15
3,Brazil,"29,767,681",,"658,367 ",,"28,407,457",,"701,857","8,318","138,349","3,060","63,776,166","296,408","215,163,281 ",South America,73273,,,"3,262"
4,France,"24,636,311",,"141,443 ",,"22,816,877",,"1,677,991","1,564","375,998","2,159","254,106,036","3,878,153","65,522,434 ",Europe,34630,,,"25,609"
5,UK,"20,613,817",,"164,282 ",,"18,758,225",,"1,691,310",302,"300,929","2,398","499,886,168","7,297,547","68,500,576 ",Europe,34170,,,"24,690"
6,Germany,"19,741,719",,"128,457 ",,"15,518,700","+189,700","4,094,562","2,494","234,335","1,525","104,701,826","1,242,816","84,245,647 ",Europe,46561,,,"48,603"
7,Russia,"17,715,390","+25,382","366,618 ",+398,"16,545,758","+61,860","803,014","2,300","121,303","2,510","273,400,000","1,872,060","146,042,306 ",Europe,83981,174,3,"5,499"
8,Turkey,"14,760,331",,"97,598 ",,"14,404,817",,"257,916",975,"171,826","1,136","151,858,785","1,767,797","85,902,862 ",Asia,68801,,,"3,002"
9,Italy,"14,153,098",,"158,436 ",,"12,748,859",,"1,245,803",447,"234,678","2,627","197,631,659","3,277,006","60,308,605 ",Europe,43810,,,"20,657"
10,Spain,"11,378,784",,"102,053 ",,"10,707,169",,"569,562",682,"243,209","2,181","471,036,328","10,067,893","46,785,988 ",Europe,44580,,,"12,174"
11,S. Korea,"11,162,232","+339,396","14,294 ",+392,N/A,N/A,N/A,"1,085","217,396",278,"15,804,065","307,800","51,345,227 ",Asia,"53,5923","6,610",8,"198,235"
12,Argentina,"9,021,240",,"127,780 ",,"8,827,814",,"65,646",664,"196,496","2,783","35,209,764","766,923","45,910,441 ",South America,53591,,,"1,430"
13,Vietnam,"8,599,751",,"42,145 ",,"4,826,024",,"3,731,582","3,650","87,000",426,"83,048,614","840,166","98,847,807 ",Asia,"112,3451",,,"37,751"
14,Netherlands,"7,665,726",,"21,851 ",,"6,131,356",,"1,512,519",151,"445,676","1,270","21,107,399","1,227,159","17,200,213 ",Europe,27871,,,"87,936"
15,Iran,"7,145,877",,"139,865 ",,"6,842,103",,"163,909","1,753","83,241","1,629","48,991,010","570,690","85,845,294 ",Asia,126142,,,"1,909"
16,Japan,"6,238,879","+49,063","27,485 ",+129,"5,770,149","+42,125","441,245",733,"49,590",218,"42,521,015","337,980","125,809,201 ",Asia,"204,5773",390,1,"3,507"
17,Colombia,"6,082,577",,"139,531 ",,"5,915,073",,"27,973",342,"117,385","2,693","33,766,171","651,637","51,817,422 ",South America,93712,,,540
18,Indonesia,"5,986,830",,"154,343 ",,"5,676,510",,"155,977","2,771","21,496",554,"91,035,716","326,870","278,507,531 ",Asia,"471,8043",,,560
19,Poland,"5,933,107","+8,241","114,736 ",+110,"5,277,322","+7,325","541,049",358,"157,064","3,037","35,344,642","935,658","37,775,174 ",Europe,63291,218,3,"14,323"
20,Mexico,"5,643,963","+3,658","322,432 ",+155,"4,941,341","+3,699","380,190","4,798","42,996","2,456","15,490,465","118,007","131,266,967 ",North America,234078,28,1,"2,896"
21,Ukraine,"4,949,283",,"107,779 ",,N/A,N/A,N/A,177,"114,352","2,490","19,521,252","451,035","43,280,972 ",Europe,94022,,,"18,102"
22,Australia,"4,180,377","+58,235","5,850 ",+26,"3,691,688",,"482,839",96,"160,724",225,"65,815,062","2,530,406","26,009,686 ",Australia/Oceania,"64,4460","2,239",1.0,"18,564"
23,Malaysia,"4,079,242",,"34,664 ",,"3,796,975",,"247,603",321,"123,313","1,048","54,258,550","1,640,197","33,080,501 ",Asia,89541,,,"7,485"
24,Israel,"3,818,065",,"10,455 ",,"3,734,564",,"73,046",301,"409,400","1,121","41,373,364","4,436,346","9,326,000 ",Asia,28920,,,"7,833"
25,Czechia,"3,776,874","+7,174","39,495 ",+12,"3,662,938","+13,129","74,441",103,"351,559","3,676","54,521,816","5,074,997","10,743,221 ",Europe,32720,668,1,"6,929"
26,Belgium,"3,771,233","+13,457","30,662 ",+27,"3,489,933","+8,326","250,638",172,"322,975","2,626","32,594,459","2,791,446","11,676,549 ",Europe,33810,"1,152",2,"21,465"
27,South Africa,"3,709,209",,"99,932 ",,"3,595,512",,"13,765",546,"61,211","1,649","23,676,087","390,713","60,597,103 ",Africa,166063,,,227
28,Philippines,"3,675,821",,"58,771 ",,"3,572,477",,"44,573",289,"32,792",524,"28,781,758","256,764","112,094,015 ",Asia,"301,9074",,,398
29,Austria,"3,627,093",,"15,579 ",,"3,168,886",,"442,628",233,"398,803","1,713","172,558,127","18,972,942","9,094,959 ",Europe,35840,,,"48,667"
30,Peru,"3,543,790",,"212,022 ",,N/A,N/A,N/A,527,"104,960","6,280","28,399,228","841,130","33,763,193 ",South America,101591,,,"47,718"
31,Thailand,"3,477,030","+26,050","24,651 ",+69,"3,208,271","+22,219","244,108","1,496","49,600",352,"17,270,775","246,367","70,101,829 ",Asia,"202,8444",372,1.0,"3,482"
32,Portugal,"3,458,727",,"21,408 ",,N/A,N/A,N/A,66,"340,913","2,110","39,624,193","3,905,604","10,145,471 ",Europe,34740,,,"55,310"
33,Canada,"3,429,843",,"37,360 ",,"3,260,385",,"132,098",409,"89,523",975,"59,142,418","1,543,689","38,312,403 ",North America,"111,0251",,,"3,448"
34,Chile,"3,426,147",,"56,147 ",,"2,839,784",,"530,216",735,"176,615","2,894","34,996,788","1,804,054","19,398,973 ",South America,63461,,,"27,332"
35,Switzerland,"3,386,428",,"13,635 ",,"2,693,876",,"678,917",162,"386,416","1,556","20,493,186","2,338,419","8,763,693 ",Europe,36430,,,"77,469"
36,Greece,"2,884,100",,"27,125 ",,"2,596,545",,"260,430",344,"279,053","2,624","72,252,783","6,990,865","10,335,314 ",Europe,43810,,,"25,198"
37,Denmark,"2,883,937",,"5,518 ",,"2,777,866",,"100,553",20,"494,896",947,"126,636,126","21,731,322","5,827,355 ",Europe,"21,0560",,,"17,255"
38,Romania,"2,832,024",,"64,826 ",,"2,606,660",,"160,538",428,"148,924","3,409","21,892,597","1,151,240","19,016,536 ",Europe,72931,,,"8,442"
39,Sweden,"2,481,736",,"18,155 ",,"2,416,719",,"46,862",32,"243,122","1,779","18,382,831","1,800,863","10,207,790 ",Europe,45621,,,"4,591"
40,Iraq,"2,317,128",,"25,138 ",,"2,277,125",,"14,865",68,"55,464",602,"18,267,885","437,272","41,776,904 ",Asia,"181,6622",,,356
41,Serbia,"1,964,129",,"15,727 ",,"1,909,900",,"38,502",39,"226,368","1,813","9,093,179","1,047,997","8,676,719 ",Europe,45521,,,"4,437"
42,Bangladesh,"1,951,072",,"29,118 ",,"1,874,880",,"47,074","1,264","11,647",174,"13,762,715","82,157","167,516,707 ",Asia,"865,75312",,,281
43,Hungary,"1,839,358","+2,439","45,258 ",+38,"1,693,393","+3,933","100,707",70,"191,240","4,706","11,053,112","1,149,202","9,618,077 ",Europe,52131,254,4,"10,471"
44,Jordan,"1,689,314",,"14,003 ",,"1,668,852",,"6,459",276,"162,783","1,349","16,575,546","1,597,231","10,377,676 ",Asia,67411,,,622
45,Slovakia,"1,674,586","+8,104","19,229 ",+20,"1,537,224","+9,899","118,133",186,"306,465","3,519","6,798,172","1,244,129","5,464,200 ",Europe,32841,"1,483",4,"21,619"
46,Georgia,"1,645,301",+590,"16,698 ",+10,"1,611,688","+3,247","16,915",,"413,811","4,200","16,283,777","4,095,548","3,975,970 ",Asia,22380,148,3,"4,254"
47,Pakistan,"1,523,401",+329,"30,336 ",+3,"1,484,718",+42,"8,347",446,"6,673",133,"27,297,869","119,581","228,280,137 ",Asia,"1507,5258",1,0.01,37
48,Ireland,"1,413,798",,"6,693 ",,"1,273,365",,"133,740",53,"280,915","1,330","11,692,937","2,323,334","5,032,827 ",Europe,47520,,,"26,574"
49,Norway,"1,393,061",,"2,339 ",,N/A,N/A,N/A,20,"253,547",426,"9,852,076","1,793,148","5,494,292 ",Europe,"42,3491",,,"236,931"
50,Kazakhstan,"1,304,983",+22,"13,657 ",+1,"1,285,974",+645,"5,352",528,"68,097",713,"11,575,012","604,007","19,163,698 ",Asia,"151,4032",1,0.05,279
51,Morocco,"1,162,764",,"16,056 ",,"1,146,137",,571,293,"30,872",426,"11,237,010","298,346","37,664,392 ",Africa,"322,3463",,,15
52,Bulgaria,"1,131,065",,"36,396 ",,"904,636",,"190,033",241,"164,919","5,307","9,524,020","1,388,684","6,858,307 ",Europe,61881,,,"27,708"
53,Hong Kong,"1,101,224",,"6,770 ",,N/A,N/A,N/A,115,"144,864",891,"36,260,319","4,769,968","7,601,795 ",Asia,"71,1230",,,"142,232"
54,Lebanon,"1,089,830",,"10,267 ",,"1,042,985",,"36,578",186,"160,913","1,516","4,795,578","708,067","6,772,770 ",Asia,66601,,,"5,401"
55,Croatia,"1,089,696",,"15,485 ",,"1,062,763",,"11,448",41,"268,290","3,813","4,643,518","1,143,262","4,061,639 ",Europe,42621,,,"2,819"
56,Cuba,"1,084,568",,"8,508 ",,"1,072,515",,"3,545",23,"95,855",752,"12,920,253","1,141,900","11,314,701 ",North America,"101,3301",,,313
57,Singapore,"1,053,139",,"1,226 ",,"1,009,408",,"42,505",24,"177,606",207,"23,477,384","3,959,333","5,929,631 ",Asia,"64,8370",,,"7,168"
58,Tunisia,"1,033,731",,"28,165 ",,N/A,N/A,N/A,63,"85,917","2,341","4,500,701","374,070","12,031,715 ",Africa,124273,,,-46.04
59,Lithuania,"1,009,756","+3,314","8,804 ",+13,"932,357","+4,408","68,595",66,"380,059","3,314","8,016,908","3,017,459","2,656,841 ",Europe,33020,"1,247",5,"25,818"
60,Nepal,"978,297",,"11,951 ",,"964,127",,"2,219",100,"32,567",398,"5,521,055","183,793","30,039,531 ",Asia,"312,5145",,,74
61,Belarus,"955,600",,"6,759 ",,"928,536",,"20,305",,"101,186",716,"12,775,372","1,352,755","9,443,966 ",Europe,"101,3971",,,"2,150"
62,Slovenia,"949,640",,"6,461 ",,"905,924",,"37,255",50,"456,683","3,107","2,605,303","1,252,893","2,079,430 ",Europe,23221,,,"17,916"
63,Bolivia,"900,845",+288,"21,487 ",+3,"825,786","+1,866","53,572",220,"75,401","1,798","2,682,016","224,486","11,947,363 ",South America,135564,24,0.3,"4,484"
64,UAE,"889,108",,"2,302 ",,"860,513",,"26,293",,"88,063",228,"146,055,747","14,466,262","10,096,302 ",Asia,"114,3860",,,"2,604"
65,Uruguay,"881,152",,"7,147 ",,"864,614",,"9,391",40,"252,156","2,045","5,938,278","1,699,332","3,494,477 ",South America,44891,,,"2,687"
66,Ecuador,"855,314",,"35,413 ",,N/A,N/A,N/A,759,"47,243","1,956","2,470,170","136,439","18,104,609 ",South America,215117,,,"20,769"
67,Finland,"844,713","+10,675","2,985 ",+34,"46,000",,"795,728",32,"152,048",537,"10,331,340","1,859,642","5,555,554 ",Europe,"71,8611","1,922",6,"143,231"
68,Costa Rica,"833,909",,"8,263 ",,"786,453",,"39,193",72,"161,164","1,597","3,913,872","756,409","5,174,277 ",North America,66261,,,"7,575"
69,Guatemala,"821,834",,"17,267 ",,"790,080",,"14,487",5,"44,456",934,"4,180,812","226,156","18,486,425 ",North America,"221,0714",,,784
70,Azerbaijan,"791,604",,"9,672 ",,"781,394",,538,,"76,880",939,"6,676,788","648,442","10,296,661 ",Asia,"131,0652",,,52
71,Latvia,"786,974","+2,819","5,569 ",+10,"721,486",,"59,919",32,"425,331","3,010","7,016,881","3,792,367","1,850,264 ",Europe,23320,"1,524",5,"32,384"
72,Panama,"762,735",,"8,160 ",,"751,821",,"2,754",10,"172,106","1,841","5,659,857","1,277,106","4,431,782 ",North America,65431,,,621
73,Saudi Arabia,"750,080",,"9,034 ",,"732,741",,"8,305",146,"20,982",253,"41,436,288","1,159,124","35,747,922 ",Asia,"483,9571",,,232
74,Sri Lanka,"660,399",,"16,450 ",,"637,011",,"6,938",,"30,619",763,"6,368,159","295,260","21,567,981 ",Asia,"331,3113",,,322
75,Paraguay,"647,672",,"18,608 ",,"623,980",,"5,084",45,"88,923","2,555","2,579,054","354,095","7,283,499 ",South America,113913,,,698
76,Kuwait,"628,130",,"2,553 ",,"623,331",,"2,246",10,"143,429",583,"7,763,313","1,772,696","4,379,382 ",Asia,"71,7151",,,513
77,Myanmar,"610,176",,"19,428 ",,"566,838",,"23,910",,"11,086",353,"7,560,882","137,375","55,038,390 ",Asia,"902,8337",,,434
78,Palestine,"580,873",,"5,345 ",,"574,144",,"1,384",17,"109,482","1,007","3,078,533","580,238","5,305,634 ",Asia,99932,,,261
79,Dominican Republic,"577,673",,"4,375 ",,"572,853",,445,24,"52,347",396,"3,208,952","290,788","11,035,363 ",North America,"192,5223",,,40
80,New Zealand,"573,244","+15,914",201 ,+9,"452,418","+14,149","120,625",,"114,601",40,"6,902,982","1,380,017","5,002,100 ",Australia/Oceania,"924,8861","3,181",2,"24,115"
81,Estonia,"549,793","+1,462","2,429 ",+6,"466,612","+2,875","80,752",14,"413,978","1,829","3,223,248","2,427,013","1,328,072 ",Europe,25470,"1,101",5,"60,804"
82,Bahrain,"548,866",,"1,466 ",,"539,213",,"8,187",7,"304,356",813,"9,569,757","5,306,597","1,803,370 ",Asia,"31,2300",,,"4,540"
83,Venezuela,"519,943",,"5,674 ",,"512,090",,"2,179",230,"18,374",201,"3,359,014","118,705","28,297,087 ",South America,"544,9878",,,77
84,Moldova,"511,231",,"11,401 ",,"496,239",,"3,591",60,"127,241","2,838","3,125,532","777,920","4,017,805 ",Europe,83521,,,894
85,Libya,"501,379",,"6,392 ",,"488,723",,"6,264",107,"71,297",909,"2,467,798","350,924","7,032,278 ",Africa,"141,1003",,,891
86,Egypt,"500,889",,"24,361 ",,"430,198",,"46,330",122,"4,741",231,"3,693,367","34,956","105,659,029 ",Africa,"2114,33729",,,438
87,Ethiopia,"469,544",,"7,491 ",,"429,269",,"32,784",16,"3,917",62,"4,622,381","38,563","119,867,108 ",Africa,"25516,00126",,,274
88,Mongolia,"467,884",+103,"2,177 ",,"313,256",,"152,451",192,"138,869",646,"4,030,048","1,196,130","3,369,238 ",Asia,"71,5481",31,,"45,248"
89,Armenia,"422,423",+22,"8,607 ",+3,"409,693",+58,"4,123",,"142,097","2,895","2,961,990","996,368","2,972,788 ",Asia,73451,7,1,"1,387"
90,Honduras,"418,492",,"10,869 ",,"131,100",,"276,523",105,"41,125","1,068","1,263,329","124,148","10,175,991 ",North America,249368,,,"27,174"
91,Cyprus,"397,205",,927 ,,"124,370",,"271,908",60,"324,911",758,"9,477,138","7,752,228","1,222,505 ",Asia,"31,3190",,,"222,419"
92,Oman,"387,922",,"4,250 ",,"381,949",,"1,723",15,"72,777",797,"25,000,000","4,690,207","5,330,255 ",Asia,"141,2540",,,323
93,Bosnia and Herzegovina,"374,696",,"15,695 ",,"192,218",,"166,783",,"115,446","4,836","1,729,817","532,965","3,245,651 ",Europe,92072,,,"51,387"
94,Qatar,"360,497",,677 ,,"358,686",,"1,134",1,"128,391",241,"3,403,146","1,212,031","2,807,805 ",Asia,"84,1471",,,404
95,Réunion,"327,189",,702 ,,"314,338",,"12,149",41,"361,007",775,"1,569,429","1,731,644","906,323 ",Africa,"31,2911",,,"13,405"
96,Kenya,"323,333",,"5,647 ",,"317,581",,105,1,"5,793",101,"3,487,114","62,481","55,811,127 ",Africa,"1739,88316",,,2
97,Zambia,"316,312",,"3,965 ",,"311,481",,866,1,"16,414",206,"3,341,351","173,393","19,270,361 ",Africa,"614,8606",,,45
98,North Macedonia,"304,326",,"9,191 ",,"293,171",,"1,964",,"146,084","4,412","1,904,444","914,180","2,083,227 ",Europe,72271,,,943
99,Albania,"273,257",,"3,489 ",,"269,307",,461,13,"95,133","1,215","1,770,982","616,555","2,872,382 ",Europe,118232,,,160
100,Algeria,"265,599",,"6,873 ",,"178,225",,"80,501",7,"5,874",152,"230,861","5,106","45,215,035 ",Africa,"1706,579196",,,"1,780"
101,Botswana,"263,950",,"2,619 ",,"259,434",,"1,897",1,"108,469","1,076","2,026,898","832,946","2,433,408 ",Africa,99291,,,780
102,Nigeria,"255,244",,"3,142 ",,"249,486",,"2,616",11,"1,188",15,"4,726,096","21,988","214,937,335 ",Africa,"84268,40845",,,12
103,Zimbabwe,"245,467",,"5,434 ",,"236,096",,"3,937",12,"16,111",357,"2,170,726","142,476","15,235,687 ",Africa,"622,8047",,,258
104,Uzbekistan,"237,542",+9,"1,637 ",,"235,265",+41,640,23,"6,924",48,"1,377,915","40,167","34,304,898 ",Asia,"14420,95625",0.3,,19
105,Montenegro,"232,561",,"2,698 ",,"229,156",,707,6,"370,200","4,295","1,202,443","1,914,099","628,203 ",Europe,32331,,,"1,125"
106,Mozambique,"225,223",,"2,200 ",,"222,045",,978,13,"6,874",67,"1,291,515","39,420","32,763,034 ",Africa,"14514,89225",,,30
107,Luxembourg,"206,044",,"1,023 ",,"188,669",,"16,352",3,"320,182","1,590","4,137,106","6,428,849","643,522 ",Europe,36290,,,"25,410"
108,Kyrgyzstan,"200,857",+10,"2,983 ",+1,"196,143",+14,"1,731",131,"29,936",445,"1,907,195","284,248","6,709,625 ",Asia,"332,2494",1,0.1,258
109,Afghanistan,"177,321",,"7,657 ",,"160,402",,"9,262","1,124","4,385",189,"914,608","22,617","40,438,174 ",Asia,"2285,28144",,,229
110,Iceland,"177,015",,95 ,,"75,685",,"101,235",2,"512,998",275,"1,868,488","5,414,966","345,060 ",Europe,"23,6320",,,"293,384"
111,Maldives,"174,658",,297 ,,"163,687",,"10,674",25,"313,601",533,"2,213,831","3,974,962","556,944 ",Asia,"31,8750",,,"19,165"
112,Laos,"164,078","+2,212",654 ,+2,"7,660",,"155,764",,"22,002",88,"1,012,890","135,823","7,457,452 ",Asia,"4511,4037",297,0.3,"20,887"
#,"Country,Other",TotalCases,NewCases,TotalDeaths,NewDeaths,TotalRecovered,NewRecovered,ActiveCases,"Serious,Critical",Tot Cases/1M pop,Deaths/1M pop,TotalTests,Tests/,1M pop,,Population,Continent,1 Caseevery X ppl1 Deathevery X ppl1 Testevery X ppl,New Cases/1M pop,New Deaths/1M pop,Active Cases/1M pop
1,USA,"81,616,936",,"1,003,425 ",,"64,268,976",,"16,344,535","2,303","244,100","3,001","978,293,345","2,925,884","334,358,250 ",North America,43330,,,"48,883"
2,India,"43,019,453",,"521,034 ",,"42,482,262",,"16,157","8,944","30,652",371,"786,922,965","560,703","1,403,458,058 ",Asia,"332,6942",,,12
3,Brazil,"29,832,179",,"658,812 ",,"28,464,436",,"708,931","8,318","138,644","3,062","63,776,166","296,397","215,171,525 ",South America,73273,,,"3,295"
4,France,"24,919,399",,"141,631 ",,"22,915,695",,"1,862,073","1,564","380,314","2,162","254,106,036","3,878,107","65,523,221 ",Europe,34630,,,"28,419"
5,UK,"20,691,123",,"164,454 ",,"18,783,177",,"1,743,492",302,"302,049","2,401","500,714,605","7,309,433","68,502,521 ",Europe,34170,,,"25,452"
6,Germany,"20,170,130",,"128,757 ",,"15,646,000",,"4,395,373","2,494","239,416","1,528","104,701,826","1,242,794","84,247,107 ",Europe,46541,,,"52,172"
7,Russia,"17,739,462",,"367,013 ",,"16,606,691",,"765,758","2,300","121,468","2,513","273,400,000","1,872,056","146,042,647 ",Europe,83981,,,"5,243"
8,Turkey,"14,789,483",,"97,736 ",,"14,441,455",,"250,292",975,"172,155","1,138","152,414,773","1,774,167","85,907,818 ",Asia,68791,,,"2,913"
9,Italy,"14,304,111",,"158,700 ",,"12,891,028",,"1,254,383",452,"237,184","2,631","198,639,817","3,293,749","60,308,121 ",Europe,43800,,,"20,800"
10,S. Korea,"11,815,841","+318,130","14,899 ",+282,N/A,N/A,N/A,"1,216","230,124",290,"15,804,065","307,799","51,345,468 ",Asia,"43,4463","6,196",5,"210,952"
11,Spain,"11,451,676",,"102,392 ",,"10,755,608",,"593,676",510,"244,767","2,189","471,036,328","10,067,872","46,786,087 ",Europe,44570,,,"12,689"
12,Argentina,"9,025,257",,"127,904 ",,"8,835,483",,"61,870",603,"196,574","2,786","35,259,438","767,967","45,912,705 ",South America,53591,,,"1,348"
13,Vietnam,"8,919,557",,"42,258 ",,"5,166,117",,"3,711,182","3,353","90,231",427,"83,048,614","840,126","98,852,588 ",Asia,"112,3391",,,"37,543"
14,Netherlands,"7,728,860",,"21,891 ",,"6,213,062",,"1,493,907",156,"449,341","1,273","21,107,399","1,227,144","17,200,419 ",Europe,27861,,,"86,853"
15,Iran,"7,148,789",,"139,971 ",,"6,850,525",,"158,293","1,672","83,270","1,630","48,991,010","570,650","85,851,169 ",Asia,126132,,,"1,844"
16,Japan,"6,287,107",,"27,601 ",,"5,830,955",,"428,551",707,"49,974",219,"42,683,814","339,280","125,807,095 ",Asia,"204,5583",,,"3,406"
17,Colombia,"6,083,291",,"139,558 ",,"5,916,253",,"27,480",342,"117,392","2,693","33,803,790","652,326","51,820,384 ",South America,93712,,,530
18,Indonesia,"5,995,876",,"154,570 ",,"5,702,163",,"139,143","2,771","21,527",555,"91,376,175","328,074","278,523,326 ",Asia,"461,8023",,,500
19,Poland,"5,939,735",,"114,821 ",,"5,280,984",,"543,930",361,"157,240","3,040","35,402,625","937,199","37,774,948 ",Europe,63291,,,"14,399"
20,Mexico,"5,649,977","+2,936","322,735 ",+101,"4,947,014","+2,820","380,228","4,798","43,039","2,458","15,519,390","118,221","131,274,364 ",North America,234078,22,0.8,"2,896"
21,Ukraine,"4,952,913",,"107,811 ",,N/A,N/A,N/A,177,"114,440","2,491","19,521,252","451,050","43,279,544 ",Europe,94012,,,"18,186"
22,Australia,"4,268,013","+35,492","5,889 ",+7,"3,732,928",,"529,196",99,"164,083",226,"66,008,767","2,537,696","26,011,302 ",Australia/Oceania,"64,4170","1,364",0.3,"20,345"
23,Malaysia,"4,122,004",,"34,751 ",,"3,844,766",,"242,487",302,"124,597","1,050","55,592,016","1,680,392","33,082,767 ",Asia,89521,,,"7,330"
24,Israel,"3,848,021",,"10,460 ",,"3,766,357",,"71,204",283,"412,612","1,122","41,373,364","4,436,346","9,326,000 ",Asia,28920,,,"7,635"
25,Czechia,"3,784,532",,"39,527 ",,"3,672,240",,"72,765",103,"352,268","3,679","54,554,105","5,077,952","10,743,329 ",Europe,32720,,,"6,773"
26,Belgium,"3,782,085",,"30,686 ",,"3,498,355",,"253,044",167,"323,897","2,628","32,630,945","2,794,505","11,676,824 ",Europe,33810,,,"21,671"
27,South Africa,"3,712,263",,"99,965 ",,"3,597,725",,"14,573",546,"61,257","1,650","23,727,513","391,535","60,601,189 ",Africa,166063,,,240
28,Austria,"3,698,511",,"15,665 ",,"3,252,752",,"430,094",238,"406,643","1,722","173,506,959","19,076,679","9,095,239 ",Europe,25810,,,"47,288"
29,Philippines,"3,676,665",,"58,884 ",,"3,574,295",,"43,486",289,"32,798",525,"28,831,064","257,186","112,101,986 ",Asia,"301,9044",,,388
30,Peru,"3,544,862",,"212,102 ",,N/A,N/A,N/A,495,"104,984","6,282","28,511,805","844,401","33,765,703 ",South America,101591,,,"47,744"
31,Portugal,"3,534,003",,"21,545 ",,N/A,N/A,N/A,64,"348,339","2,124","39,734,174","3,916,507","10,145,309 ",Europe,34710,,,"62,717"
32,Thailand,"3,529,085","+25,821","24,802 ",+84,"3,252,350","+24,066","251,933","1,496","50,342",354,"17,270,775","246,364","70,102,784 ",Asia,"202,8264",368,1,"3,594"
33,Chile,"3,443,018",,"56,298 ",,"2,900,440",,"486,280",701,"177,476","2,902","35,177,165","1,813,268","19,399,868 ",South America,63451,,,"25,066"
34,Canada,"3,439,273",,"37,420 ",,"3,265,641",,"136,212",409,"89,765",977,"59,181,662","1,544,640","38,314,210 ",North America,"111,0241",,,"3,555"
35,Switzerland,"3,403,549",,"13,646 ",,"2,728,386","+17,542","661,517",150,"388,354","1,557","20,493,186","2,338,327","8,764,039 ",Europe,36420,,,"75,481"
36,Greece,"2,916,892",,"27,216 ",,"2,631,136",,"258,540",341,"282,233","2,633","72,710,891","7,035,377","10,335,038 ",Europe,43800,,,"25,016"
37,Denmark,"2,893,398",,"5,583 ",,"2,797,555",,"90,260",25,"496,510",958,"126,694,250","21,740,882","5,827,466 ",Europe,"21,0440",,,"15,489"
38,Romania,"2,838,849",,"64,895 ",,"2,606,660",,"167,294",399,"149,289","3,413","21,951,388","1,154,374","19,015,838 ",Europe,72931,,,"8,798"
39,Sweden,"2,481,736",,"18,155 ",,"2,423,315","+3,353","40,266",32,"243,114","1,778","18,382,831","1,800,802","10,208,133 ",Europe,45621,,,"3,945"
40,Iraq,"2,317,747",,"25,149 ",,"2,278,726",,"13,872",51,"55,473",602,"18,285,940","437,653","41,781,848 ",Asia,"181,6612",,,332
41,Serbia,"1,967,771",,"15,746 ",,"1,914,700",,"37,325",39,"226,792","1,815","9,120,134","1,051,127","8,676,527 ",Europe,45511,,,"4,302"
42,Bangladesh,"1,951,239",,"29,118 ",,"1,877,131",,"44,990","1,264","11,647",174,"13,779,983","82,256","167,525,666 ",Asia,"865,75312",,,269
43,Hungary,"1,839,358",,"45,258 ",,"1,693,393",,"100,707",70,"191,242","4,706","11,053,112","1,149,218","9,617,943 ",Europe,52131,,,"10,471"
44,Jordan,"1,689,314",,"14,003 ",,"1,668,852",,"6,459",276,"162,775","1,349","16,575,546","1,597,146","10,378,229 ",Asia,67411,,,622
45,Slovakia,"1,681,865",,"19,251 ",,"1,546,233",,"116,381",176,"307,796","3,523","6,812,898","1,246,821","5,464,214 ",Europe,32841,,,"21,299"
46,Georgia,"1,645,959",,"16,704 ",,"1,615,166",,"14,089",,"413,981","4,201","16,306,613","4,101,334","3,975,929 ",Asia,22380,,,"3,544"
47,Pakistan,"1,523,900",+310,"30,345 ",+5,"1,485,316",+231,"8,239",428,"6,675",133,"27,360,248","119,842","228,303,614 ",Asia,"1507,5248",1,0.02,36
48,Ireland,"1,422,945",,"6,710 ",,"1,281,198","+3,729","135,037",55,"282,716","1,333","11,724,746","2,329,515","5,033,128 ",Europe,47500,,,"26,830"
49,Norway,"1,396,911",,"2,339 ",,N/A,N/A,N/A,20,"254,237",426,"9,852,076","1,793,072","5,494,524 ",Europe,"42,3491",,,"237,622"
50,Kazakhstan,"1,305,017",,"13,658 ",,"1,286,771",,"4,588",528,"68,094",713,"11,575,012","603,969","19,164,925 ",Asia,"151,4032",,,239
51,Morocco,"1,162,923",,"16,057 ",,"1,146,239",,627,293,"30,874",426,"11,237,010","298,327","37,666,782 ",Africa,"322,3463",,,17
52,Bulgaria,"1,133,102",,"36,429 ",,"907,251",,"189,422",241,"165,223","5,312","9,545,600","1,391,888","6,858,023 ",Europe,61881,,,"27,620"
53,Hong Kong,"1,120,470",,"7,101 ",,N/A,N/A,N/A,115,"147,389",934,"36,260,319","4,769,760","7,602,127 ",Asia,"71,0710",,,"144,714"
54,Croatia,"1,093,098",,"15,509 ",,"1,066,581",,"11,008",41,"269,136","3,819","4,654,605","1,146,031","4,061,501 ",Europe,42621,,,"2,710"
55,Lebanon,"1,090,498",,"10,278 ",,"1,049,584",,"30,636",186,"161,016","1,518","4,795,578","708,085","6,772,604 ",Asia,66591,,,"4,524"
56,Cuba,"1,086,361",,"8,509 ",,"1,074,013",,"3,839",23,"96,014",752,"12,920,253","1,141,903","11,314,664 ",North America,"101,3301",,,339
57,Singapore,"1,067,157",,"1,246 ",,"1,009,408",,"56,503",24,"179,963",210,"23,477,384","3,959,165","5,929,883 ",Asia,"64,7590",,,"9,529"
58,Tunisia,"1,033,731",,"28,165 ",,N/A,N/A,N/A,63,"85,912","2,341","4,500,701","374,049","12,032,390 ",Africa,124273,,,-46.04
59,Lithuania,"1,013,008",,"8,817 ",,"937,732",,"66,459",63,"381,312","3,319","8,026,496","3,021,302","2,656,635 ",Europe,33010,,,"25,016"
60,Nepal,"978,317",,"11,951 ",,"964,608",,"1,758",100,"32,565",398,"5,525,573","183,926","30,042,398 ",Asia,"312,5145",,,59
61,Belarus,"958,492",,"6,778 ",,"928,536",,"23,178",,"101,493",718,"12,803,627","1,355,749","9,443,949 ",Europe,"101,3931",,,"2,454"
62,Slovenia,"955,473",,"6,471 ",,"910,480",,"38,522",50,"459,487","3,112","2,608,398","1,254,380","2,079,432 ",Europe,23211,,,"18,525"
63,Bolivia,"901,108",,"21,487 ",,"827,747",,"51,874",220,"75,418","1,798","2,682,016","224,470","11,948,233 ",South America,135564,,,"4,342"
64,UAE,"889,797",,"2,302 ",,"862,229",,"25,266",,"88,125",228,"146,653,110","14,524,489","10,096,955 ",Asia,"114,3860",,,"2,502"
65,Uruguay,"883,354",,"7,150 ",,"867,607",,"8,597",40,"252,781","2,046","5,959,510","1,705,376","3,494,543 ",South America,44891,,,"2,460"
66,Ecuador,"857,299",,"35,418 ",,N/A,N/A,N/A,759,"47,349","1,956","2,470,170","136,428","18,106,074 ",South America,215117,,,"20,877"
67,Finland,"844,713",,"2,985 ",,"46,000",,"795,728",32,"152,047",537,"10,331,340","1,859,626","5,555,601 ",Europe,"71,8611",,,"143,230"
68,Costa Rica,"834,726",,"8,266 ",,"792,603",,"33,857",73,"161,314","1,597","3,913,872","756,372","5,174,531 ",North America,66261,,,"6,543"
69,Guatemala,"823,145",,"17,274 ",,"792,328",,"13,543",5,"44,523",934,"4,191,788","226,727","18,488,239 ",North America,"221,0704",,,733
70,Azerbaijan,"791,695",,"9,679 ",,"781,641",,375,,"76,885",940,"6,681,983","648,915","10,297,160 ",Asia,"131,0642",,,36
71,Latvia,"789,483",,"5,572 ",,"734,190",,"49,721",31,"426,713","3,012","7,023,436","3,796,142","1,850,151 ",Europe,23320,,,"26,874"
72,Panama,"763,280",,"8,163 ",,"752,440",,"2,677",10,"172,214","1,842","5,673,524","1,280,083","4,432,153 ",North America,65431,,,604
73,Saudi Arabia,"750,258",,"9,038 ",,"733,146",,"8,074",148,"20,986",253,"41,462,222","1,159,754","35,750,887 ",Asia,"483,9561",,,226
74,Sri Lanka,"660,797",,"16,454 ",,"637,088",,"7,255",,"30,637",763,"6,368,159","295,253","21,568,470 ",Asia,"331,3113",,,336
75,Paraguay,"647,836",,"18,663 ",,"624,457",,"4,716",38,"88,940","2,562","2,582,692","354,572","7,283,977 ",South America,113903,,,647
76,Kuwait,"628,130",,"2,553 ",,"623,331",,"2,246",10,"143,418",583,"7,763,313","1,772,556","4,379,727 ",Asia,"71,7161",,,513
77,Myanmar,"610,728",,"19,429 ",,"567,945",,"23,354",,"11,096",353,"7,588,224","137,866","55,040,380 ",Asia,"902,8337",,,424
78,New Zealand,"597,745","+10,278",223 ,+6,"483,011","+14,598","114,511",,"119,499",45,"6,908,279","1,381,076","5,002,100 ",Australia/Oceania,"822,4311","2,055",1,"22,893"
79,Palestine,"580,873",,"5,345 ",,"574,144",,"1,384",17,"109,469","1,007","3,078,533","580,167","5,306,284 ",Asia,99932,,,261
80,Dominican Republic,"577,841",,"4,375 ",,"573,202",,264,26,"52,360",396,"3,214,009","291,231","11,035,957 ",North America,"192,5233",,,24
81,Estonia,"551,067",,"2,436 ",,"468,891",,"79,740",17,"414,936","1,834","3,226,665","2,429,577","1,328,077 ",Europe,25450,,,"60,042"
82,Bahrain,"550,362",,"1,468 ",,"541,056",,"7,838",7,"305,130",814,"9,579,472","5,311,027","1,803,695 ",Asia,"31,2290",,,"4,346"
83,Venezuela,"520,077",,"5,677 ",,"512,537",,"1,863",230,"18,379",201,"3,359,014","118,707","28,296,649 ",South America,"544,9848",,,66
84,Moldova,"512,386",,"11,415 ",,"497,498",,"3,473",61,"127,530","2,841","3,138,622","781,188","4,017,754 ",Europe,83521,,,864
85,Libya,"501,420",,"6,397 ",,"489,010",,"6,013",111,"71,297",910,"2,468,985","351,068","7,032,789 ",Africa,"141,0993",,,855
86,Egypt,"500,889",,"24,361 ",,"430,198",,"46,330",122,"4,740",231,"3,693,367","34,952","105,669,592 ",Africa,"2114,33829",,,438
87,Ethiopia,"469,611",,"7,492 ",,"433,197",,"28,922",13,"3,917",62,"4,633,008","38,646","119,882,716 ",Africa,"25516,00126",,,241
88,Mongolia,"467,982",+25,"2,177 ",,"313,256",,"152,549",192,"138,887",646,"4,030,048","1,196,028","3,369,527 ",Asia,"71,5481",7,,"45,273"
89,Armenia,"422,444",,"8,608 ",,"409,757",,"4,079",,"142,102","2,896","2,964,598","997,235","2,972,818 ",Asia,73451,,,"1,372"
90,Honduras,"420,621",,"10,871 ",,"131,100",,"278,650",105,"41,331","1,068","1,263,329","124,137","10,176,853 ",North America,249368,,,"27,381"
91,Cyprus,"405,706",,932 ,,"124,370",,"280,404",60,"331,851",762,"9,477,138","7,751,924","1,222,553 ",Asia,"31,3120",,,"229,359"
92,Oman,"387,922",,"4,250 ",,"381,949",,"1,723",15,"72,768",797,"25,000,000","4,689,581","5,330,967 ",Asia,"141,2540",,,323
93,Bosnia and Herzegovina,"374,810",,"15,702 ",,"192,218",,"166,890",,"115,485","4,838","1,730,820","533,292","3,245,540 ",Europe,92072,,,"51,421"
94,Qatar,"360,704",,677 ,,"358,870",,"1,157",1,"128,465",241,"3,404,748","1,212,601","2,807,805 ",Asia,"84,1471",,,412
95,Réunion,"327,189",,702 ,,"314,338",,"12,149",41,"360,993",775,"1,569,429","1,731,577","906,358 ",Africa,"31,2911",,,"13,404"
96,Kenya,"323,365",,"5,647 ",,"317,581",,137,1,"5,793",101,"3,495,960","62,632","55,817,614 ",Africa,"1739,88416",,,2
97,Zambia,"316,501",,"3,966 ",,"311,731",,804,,"16,422",206,"3,346,905","173,656","19,273,185 ",Africa,"614,8606",,,42
98,North Macedonia,"304,878",,"9,203 ",,"293,700",,"1,975",,"146,349","4,418","1,904,444","914,180","2,083,226 ",Europe,72261,,,948
99,Albania,"273,387",,"3,491 ",,"269,399",,497,13,"95,178","1,215","1,772,991","617,258","2,872,364 ",Europe,118232,,,173
100,Algeria,"265,621",,"6,873 ",,"178,243",,"80,505",10,"5,874",152,"230,861","5,105","45,219,368 ",Africa,"1706,579196",,,"1,780"
101,Botswana,"263,950",,"2,619 ",,"259,434",,"1,897",1,"108,458","1,076","2,026,898","832,857","2,433,668 ",Africa,99291,,,779
102,Nigeria,"255,296",,"3,142 ",,"249,495",,"2,659",11,"1,188",15,"4,726,096","21,985","214,965,338 ",Africa,"84268,41745",,,12
103,Zimbabwe,"245,767",,"5,437 ",,"236,659",,"3,671",12,"16,130",357,"2,175,748","142,795","15,236,870 ",Africa,"622,8027",,,241
104,Uzbekistan,"237,589",,"1,637 ",,"235,344",,608,23,"6,925",48,"1,377,915","40,164","34,307,549 ",Asia,"14420,95825",,,18
105,Montenegro,"232,727",,"2,698 ",,"229,347",,682,6,"370,465","4,295","1,204,749","1,917,770","628,203 ",Europe,32331,,,"1,086"
106,Mozambique,"225,237",,"2,200 ",,"222,061",,976,13,"6,874",67,"1,293,425","39,472","32,767,838 ",Africa,"14514,89425",,,30
107,Luxembourg,"208,223",,"1,025 ",,"189,841",,"17,357",3,"323,540","1,593","4,142,082","6,436,022","643,578 ",Europe,36280,,,"26,970"
108,Kyrgyzstan,"200,868",,"2,984 ",,"196,154",,"1,730",131,"29,935",445,"1,907,195","284,223","6,710,214 ",Asia,"332,2494",,,258
109,Iceland,"178,385",,97 ,,"75,685",,"102,603",3,"516,950",281,"1,871,047","5,422,193","345,072 ",Europe,"23,5570",,,"297,338"
110,Afghanistan,"177,321",,"7,657 ",,"160,402",,"9,262","1,124","4,384",189,"914,608","22,615","40,442,976 ",Asia,"2285,28244",,,229
111,Maldives,"174,658",,297 ,,"163,687",,"10,674",25,"313,571",533,"2,213,831","3,974,590","556,996 ",Asia,"31,8750",,,"19,164"
112,Laos,"164,078",,654 ,,"7,660",,"155,764",,"22,000",88,"1,012,890","135,812","7,458,029 ",Asia,"4511,4047",,,"20,885"
113,Uganda,"163,843",,"3,595 ",,"100,163",,"60,085",7,"3,397",75,"2,542,633","52,713","48,235,494 ",Africa,"29413,41719",,,"1,246"
114,El Salvador,"161,052",,"4,116 ",,"141,145",,"15,791",45,"24,615",629,"1,847,861","282,427","6,542,786 ",North America,"411,5904",,,"2,413"
115,Ghana,"160,925",,"1,445 ",,"159,409",,71,1,"4,999",45,"2,410,734","74,882","32,193,606 ",Africa,"20022,27913",,,2
